advanced.name;0
proxy-list.download;26
proxy-list.download;26
proxy-list.download;26
proxydb.net;15
proxydb.net;15
proxydb.net;15
github-ShiftyTR;422
proxy-list.download;26
github-rdavydov;75
github-roosterkid;369
github-hookzof;117
proxydb.net;15
github-monosans;225
github-roosterkid;59
github-TheSpeedX;1946
github-aslisk;1894
api.proxyscrape.com;404
github-rdavydov;186
proxy-list.download;102
github-TheSpeedX;1812
github-jetkai;2195
github-clarketm;400
github-hookzof;117
api.proxyscrape.com;260
github-monosans;120
github-RX4096;0
github-hendrikbgr;51
github-RX4096;156
github-rdavydov;94
github-Volodichev;0
github-jetkai;344
github-roosterkid;369
github-mmpx12;505
github-jetkai;2334
github-jetkai;2944
github-TheSpeedX;963
github-manuGMG;387
proxy-list.download;1800
github-RX4096;84
github-ShiftyTR;5
github-mmpx12;192
freeproxy.world;50
github-ShiftyTR;17
github-RX4096;0
vpnoverview.com;32
github-sunny9577;805
proxy-list.download;90
github-roosterkid;59
github-mmpx12;2493
github-monosans;318
github-ShiftyTR;88
github-almroot;23
github-mmpx12;271
proxyscan.io;86
api.proxyscrape.com;109
proxyscan.io;17
github-mertguvencli;197
proxyscan.io;425
proxyscan.io;6
openproxy.space;0
openproxy.space;0
openproxy.space;0
smallseotools.com;0
netzwelt.de;60
free-proxy-list.net;600
free-proxy-list.net;600
premiumproxy.net;7
us-proxy.org;400
list.proxylistplus.com;298
freeproxy.world;1250
free-proxy-list.com;250
hidemy.name;1600
